name,email,year,month,day
Alice Johnson,alice.johnson@email.com,1995,10,6
Bob Smith,bob.smith@email.com,1988,7,9
Charlie Brown,charlie.brown@email.com,2001,11,27
Diana Wilson,diana.wilson@email.com,1979,5,18
Ethan Davis,ethan.davis@email.com,1992,1,30
Fiona Miller,fiona.miller@email.com,1985,9,6
George Taylor,george.taylor@email.com,2003,4,22
Hannah Anderson,hannah.anderson@email.com,1998,8,15
Ian Thomas,ian.thomas@email.com,1972,2,11
Julia Jackson,julia.jackson@email.com,1990,10,6
Kevin White,kevin.white@email.com,1983,6,25
Laura Harris,laura.harris@email.com,2000,12,8
Michael Martin,michael.martin@email.com,1975,3,19
Natalie Thompson,natalie.thompson@email.com,1996,7,31
Oliver Garcia,oliver.garcia@email.com,1989,11,12
Patricia Martinez,patricia.martinez@email.com,1968,5,7
Robert Robinson,robert.robinson@email.com,1994,1,16
Sophia Clark,sophia.clark@email.com,2002,10,6
Thomas Lewis,thomas.lewis@email.com,1981,4,5