French,English
partie,part
histoire,history
chercher,search
seulement,only
police,police
pensais,thought
aide,help
demande,request
genre,kind
mois,month
frère,brother
mettre,to put
aucun,no
eux,them
ville,city
parlé,speak
arrivé,come
devrait,should
heures,hours
vont,will
revoir,meet again
aucune,any
place,square
parle,speak
compris,understood
attention,Warning
voici,here is
pourrais,could
affaire,case
type,type
leurs,their
donné,given
corps,body
endroit,place
yeux,eyes
façon,way
écoute,listen
dont,whose
trouve,find
premier,first
perdu,lost
main,hand
première,first
côté,side
vieux,old
sois,be
matin,morning
tellement,so much
enfant,child
point,point
venu,came
suite,after
pardon,sorry
venez,come
devant,in front of
vers,towards
minutes,minutes
demandé,request
belle,beautiful
aimerais,would like to
aujourd'hui,today
mari,husband
cause,cause
enfin,finally
espère,hope
attendez,Wait
parti,left
nouvelle,new
arrêter,Stop
dirait,would say
terre,Earth
compte,account
donne,given
loin,far
croire,believe
plutôt,rather
filles,girls
jouer,to play
bureau,office
